audio_path,label
/home/alvimpedro/git/machine-learning/audio_transversal2/audio_dataset_cortado/0_100305.wav,0
/home/alvimpedro/git/machine-learning/audio_transversal2/audio_dataset_cortado/0_1003829.wav,0
/home/alvimpedro/git/machine-learning/audio_transversal2/audio_dataset_cortado/0_1004254.wav,0
/home/alvimpedro/git/machine-learning/audio_transversal2/audio_dataset_cortado/0_1010032.wav,0
/home/alvimpedro/git/machine-learning/audio_transversal2/audio_dataset_cortado/0_1015924.wav,0
/home/alvimpedro/git/machine-learning/audio_transversal2/audio_dataset_cortado/0_1018603.wav,0
/home/alvimpedro/git/machine-learning/audio_transversal2/audio_dataset_cortado/0_1025407.wav,0
/home/alvimpedro/git/machine-learning/audio_transversal2/audio_dataset_cortado/0_1028419.wav,0
/home/alvimpedro/git/machine-learning/audio_transversal2/audio_dataset_cortado/0_1030783.wav,0
/home/alvimpedro/git/machine-learning/audio_transversal2/audio_dataset_cortado/0_1038036.wav,0
/home/alvimpedro/git/machine-learning/audio_transversal2/audio_dataset_cortado/0_1043829.wav,0
/home/alvimpedro/git/machine-learning/audio_transversal2/audio_dataset_cortado/0_111922.wav,0
/home/alvimpedro/git/machine-learning/audio_transversal2/audio_dataset_cortado/0_11264.wav,0
/home/alvimpedro/git/machine-learning/audio_transversal2/audio_dataset_cortado/0_115865.wav,0
/home/alvimpedro/git/machine-learning/audio_transversal2/audio_dataset_cortado/0_11642.wav,0
/home/alvimpedro/git/machine-learning/audio_transversal2/audio_dataset_cortado/0_116447.wav,0
/home/alvimpedro/git/machine-learning/audio_transversal2/audio_dataset_cortado/0_11825.wav,0
/home/alvimpedro/git/machine-learning/audio_transversal2/audio_dataset_cortado/0_120262.wav,0
/home/alvimpedro/git/machine-learning/audio_transversal2/audio_dataset_cortado/0_120588.wav,0
/home/alvimpedro/git/machine-learning/audio_transversal2/audio_dataset_cortado/0_120759.wav,0
/home/alvimpedro/git/machine-learning/audio_transversal2/audio_dataset_cortado/0_125390.wav,0
/home/alvimpedro/git/machine-learning/audio_transversal2/audio_dataset_cortado/0_127701.wav,0
/home/alvimpedro/git/machine-learning/audio_transversal2/audio_dataset_cortado/0_129885.wav,0
/home/alvimpedro/git/machine-learning/audio_transversal2/audio_dataset_cortado/0_133484.wav,0
/home/alvimpedro/git/machine-learning/audio_transversal2/audio_dataset_cortado/0_140101.wav,0
/home/alvimpedro/git/machine-learning/audio_transversal2/audio_dataset_cortado/0_140643.wav,0
/home/alvimpedro/git/machine-learning/audio_transversal2/audio_dataset_cortado/0_144860.wav,0
/home/alvimpedro/git/machine-learning/audio_transversal2/audio_dataset_cortado/0_145158.wav,0
/home/alvimpedro/git/machine-learning/audio_transversal2/audio_dataset_cortado/0_147474.wav,0
/home/alvimpedro/git/machine-learning/audio_transversal2/audio_dataset_cortado/0_158177.wav,0
/home/alvimpedro/git/machine-learning/audio_transversal2/audio_dataset_cortado/0_164782.wav,0
/home/alvimpedro/git/machine-learning/audio_transversal2/audio_dataset_cortado/0_166939.wav,0
/home/alvimpedro/git/machine-learning/audio_transversal2/audio_dataset_cortado/0_167337.wav,0
/home/alvimpedro/git/machine-learning/audio_transversal2/audio_dataset_cortado/0_171979.wav,0
/home/alvimpedro/git/machine-learning/audio_transversal2/audio_dataset_cortado/0_173077.wav,0
/home/alvimpedro/git/machine-learning/audio_transversal2/audio_dataset_cortado/0_180659.wav,0
/home/alvimpedro/git/machine-learning/audio_transversal2/audio_dataset_cortado/0_18091.wav,0
/home/alvimpedro/git/machine-learning/audio_transversal2/audio_dataset_cortado/0_181135.wav,0
/home/alvimpedro/git/machine-learning/audio_transversal2/audio_dataset_cortado/0_1861.wav,0
/home/alvimpedro/git/machine-learning/audio_transversal2/audio_dataset_cortado/0_189715.wav,0
/home/alvimpedro/git/machine-learning/audio_transversal2/audio_dataset_cortado/0_19710.wav,0
/home/alvimpedro/git/machine-learning/audio_transversal2/audio_dataset_cortado/0_198061.wav,0
/home/alvimpedro/git/machine-learning/audio_transversal2/audio_dataset_cortado/0_200256.wav,0
/home/alvimpedro/git/machine-learning/audio_transversal2/audio_dataset_cortado/0_202449.wav,0
/home/alvimpedro/git/machine-learning/audio_transversal2/audio_dataset_cortado/0_205424.wav,0
/home/alvimpedro/git/machine-learning/audio_transversal2/audio_dataset_cortado/0_208579.wav,0
/home/alvimpedro/git/machine-learning/audio_transversal2/audio_dataset_cortado/0_20895.wav,0
/home/alvimpedro/git/machine-learning/audio_transversal2/audio_dataset_cortado/0_211472.wav,0
/home/alvimpedro/git/machine-learning/audio_transversal2/audio_dataset_cortado/0_211591.wav,0
/home/alvimpedro/git/machine-learning/audio_transversal2/audio_dataset_cortado/0_213588.wav,0
/home/alvimpedro/git/machine-learning/audio_transversal2/audio_dataset_cortado/0_221741.wav,0
/home/alvimpedro/git/machine-learning/audio_transversal2/audio_dataset_cortado/0_223452.wav,0
/home/alvimpedro/git/machine-learning/audio_transversal2/audio_dataset_cortado/0_224205.wav,0
/home/alvimpedro/git/machine-learning/audio_transversal2/audio_dataset_cortado/0_227478.wav,0
/home/alvimpedro/git/machine-learning/audio_transversal2/audio_dataset_cortado/0_230818.wav,0
/home/alvimpedro/git/machine-learning/audio_transversal2/audio_dataset_cortado/0_231680.wav,0
/home/alvimpedro/git/machine-learning/audio_transversal2/audio_dataset_cortado/0_246142.wav,0
/home/alvimpedro/git/machine-learning/audio_transversal2/audio_dataset_cortado/0_24810.wav,0
/home/alvimpedro/git/machine-learning/audio_transversal2/audio_dataset_cortado/0_255371.wav,0
/home/alvimpedro/git/machine-learning/audio_transversal2/audio_dataset_cortado/0_260269.wav,0
/home/alvimpedro/git/machine-learning/audio_transversal2/audio_dataset_cortado/0_26071.wav,0
/home/alvimpedro/git/machine-learning/audio_transversal2/audio_dataset_cortado/0_261905.wav,0
/home/alvimpedro/git/machine-learning/audio_transversal2/audio_dataset_cortado/0_262669.wav,0
/home/alvimpedro/git/machine-learning/audio_transversal2/audio_dataset_cortado/0_267880.wav,0
/home/alvimpedro/git/machine-learning/audio_transversal2/audio_dataset_cortado/0_275357.wav,0
/home/alvimpedro/git/machine-learning/audio_transversal2/audio_dataset_cortado/0_277910.wav,0
/home/alvimpedro/git/machine-learning/audio_transversal2/audio_dataset_cortado/0_28067.wav,0
/home/alvimpedro/git/machine-learning/audio_transversal2/audio_dataset_cortado/0_283386.wav,0
/home/alvimpedro/git/machine-learning/audio_transversal2/audio_dataset_cortado/0_285937.wav,0
/home/alvimpedro/git/machine-learning/audio_transversal2/audio_dataset_cortado/0_286976.wav,0
/home/alvimpedro/git/machine-learning/audio_transversal2/audio_dataset_cortado/0_287973.wav,0
/home/alvimpedro/git/machine-learning/audio_transversal2/audio_dataset_cortado/0_290823.wav,0
/home/alvimpedro/git/machine-learning/audio_transversal2/audio_dataset_cortado/0_291398.wav,0
/home/alvimpedro/git/machine-learning/audio_transversal2/audio_dataset_cortado/0_291940.wav,0
/home/alvimpedro/git/machine-learning/audio_transversal2/audio_dataset_cortado/0_294131.wav,0
/home/alvimpedro/git/machine-learning/audio_transversal2/audio_dataset_cortado/0_303906.wav,0
/home/alvimpedro/git/machine-learning/audio_transversal2/audio_dataset_cortado/0_305757.wav,0
/home/alvimpedro/git/machine-learning/audio_transversal2/audio_dataset_cortado/0_309778.wav,0
/home/alvimpedro/git/machine-learning/audio_transversal2/audio_dataset_cortado/0_313924.wav,0
/home/alvimpedro/git/machine-learning/audio_transversal2/audio_dataset_cortado/0_317142.wav,0
/home/alvimpedro/git/machine-learning/audio_transversal2/audio_dataset_cortado/0_333193.wav,0
/home/alvimpedro/git/machine-learning/audio_transversal2/audio_dataset_cortado/0_341395.wav,0
/home/alvimpedro/git/machine-learning/audio_transversal2/audio_dataset_cortado/0_34242.wav,0
/home/alvimpedro/git/machine-learning/audio_transversal2/audio_dataset_cortado/0_342522.wav,0
/home/alvimpedro/git/machine-learning/audio_transversal2/audio_dataset_cortado/0_347518.wav,0
/home/alvimpedro/git/machine-learning/audio_transversal2/audio_dataset_cortado/0_35016.wav,0
/home/alvimpedro/git/machine-learning/audio_transversal2/audio_dataset_cortado/0_358216.wav,0
/home/alvimpedro/git/machine-learning/audio_transversal2/audio_dataset_cortado/0_360215.wav,0
/home/alvimpedro/git/machine-learning/audio_transversal2/audio_dataset_cortado/0_362092.wav,0
/home/alvimpedro/git/machine-learning/audio_transversal2/audio_dataset_cortado/0_364138.wav,0
/home/alvimpedro/git/machine-learning/audio_transversal2/audio_dataset_cortado/0_364377.wav,0
/home/alvimpedro/git/machine-learning/audio_transversal2/audio_dataset_cortado/0_36902.wav,0
/home/alvimpedro/git/machine-learning/audio_transversal2/audio_dataset_cortado/0_369888.wav,0
/home/alvimpedro/git/machine-learning/audio_transversal2/audio_dataset_cortado/0_370510.wav,0
/home/alvimpedro/git/machine-learning/audio_transversal2/audio_dataset_cortado/0_381798.wav,0
/home/alvimpedro/git/machine-learning/audio_transversal2/audio_dataset_cortado/0_383016.wav,0
/home/alvimpedro/git/machine-learning/audio_transversal2/audio_dataset_cortado/0_385860.wav,0
/home/alvimpedro/git/machine-learning/audio_transversal2/audio_dataset_cortado/0_387551.wav,0
/home/alvimpedro/git/machine-learning/audio_transversal2/audio_dataset_cortado/0_38818.wav,0
/home/alvimpedro/git/machine-learning/audio_transversal2/audio_dataset_cortado/0_388428.wav,0
/home/alvimpedro/git/machine-learning/audio_transversal2/audio_dataset_cortado/0_390048.wav,0
/home/alvimpedro/git/machine-learning/audio_transversal2/audio_dataset_cortado/0_392152.wav,0
/home/alvimpedro/git/machine-learning/audio_transversal2/audio_dataset_cortado/0_398518.wav,0
/home/alvimpedro/git/machine-learning/audio_transversal2/audio_dataset_cortado/0_40190.wav,0
/home/alvimpedro/git/machine-learning/audio_transversal2/audio_dataset_cortado/0_406549.wav,0
/home/alvimpedro/git/machine-learning/audio_transversal2/audio_dataset_cortado/0_407870.wav,0
/home/alvimpedro/git/machine-learning/audio_transversal2/audio_dataset_cortado/0_409750.wav,0
/home/alvimpedro/git/machine-learning/audio_transversal2/audio_dataset_cortado/0_410863.wav,0
/home/alvimpedro/git/machine-learning/audio_transversal2/audio_dataset_cortado/0_41319.wav,0
/home/alvimpedro/git/machine-learning/audio_transversal2/audio_dataset_cortado/0_41336.wav,0
/home/alvimpedro/git/machine-learning/audio_transversal2/audio_dataset_cortado/0_417419.wav,0
/home/alvimpedro/git/machine-learning/audio_transversal2/audio_dataset_cortado/0_430147.wav,0
/home/alvimpedro/git/machine-learning/audio_transversal2/audio_dataset_cortado/0_435440.wav,0
/home/alvimpedro/git/machine-learning/audio_transversal2/audio_dataset_cortado/0_43745.wav,0
/home/alvimpedro/git/machine-learning/audio_transversal2/audio_dataset_cortado/0_437618.wav,0
/home/alvimpedro/git/machine-learning/audio_transversal2/audio_dataset_cortado/0_453989.wav,0
/home/alvimpedro/git/machine-learning/audio_transversal2/audio_dataset_cortado/0_460839.wav,0
/home/alvimpedro/git/machine-learning/audio_transversal2/audio_dataset_cortado/0_46109.wav,0
/home/alvimpedro/git/machine-learning/audio_transversal2/audio_dataset_cortado/0_467092.wav,0
/home/alvimpedro/git/machine-learning/audio_transversal2/audio_dataset_cortado/0_468965.wav,0
/home/alvimpedro/git/machine-learning/audio_transversal2/audio_dataset_cortado/0_474986.wav,0
/home/alvimpedro/git/machine-learning/audio_transversal2/audio_dataset_cortado/0_476898.wav,0
/home/alvimpedro/git/machine-learning/audio_transversal2/audio_dataset_cortado/0_47824.wav,0
/home/alvimpedro/git/machine-learning/audio_transversal2/audio_dataset_cortado/0_482411.wav,0
/home/alvimpedro/git/machine-learning/audio_transversal2/audio_dataset_cortado/0_483532.wav,0
/home/alvimpedro/git/machine-learning/audio_transversal2/audio_dataset_cortado/0_49197.wav,0
/home/alvimpedro/git/machine-learning/audio_transversal2/audio_dataset_cortado/0_503817.wav,0
/home/alvimpedro/git/machine-learning/audio_transversal2/audio_dataset_cortado/0_504192.wav,0
/home/alvimpedro/git/machine-learning/audio_transversal2/audio_dataset_cortado/0_506447.wav,0
/home/alvimpedro/git/machine-learning/audio_transversal2/audio_dataset_cortado/0_509017.wav,0
/home/alvimpedro/git/machine-learning/audio_transversal2/audio_dataset_cortado/0_511338.wav,0
/home/alvimpedro/git/machine-learning/audio_transversal2/audio_dataset_cortado/0_515235.wav,0
/home/alvimpedro/git/machine-learning/audio_transversal2/audio_dataset_cortado/0_51579.wav,0
/home/alvimpedro/git/machine-learning/audio_transversal2/audio_dataset_cortado/0_516791.wav,0
/home/alvimpedro/git/machine-learning/audio_transversal2/audio_dataset_cortado/0_535113.wav,0
/home/alvimpedro/git/machine-learning/audio_transversal2/audio_dataset_cortado/0_54331.wav,0
/home/alvimpedro/git/machine-learning/audio_transversal2/audio_dataset_cortado/0_54822.wav,0
/home/alvimpedro/git/machine-learning/audio_transversal2/audio_dataset_cortado/0_550170.wav,0
/home/alvimpedro/git/machine-learning/audio_transversal2/audio_dataset_cortado/0_554994.wav,0
/home/alvimpedro/git/machine-learning/audio_transversal2/audio_dataset_cortado/0_571491.wav,0
/home/alvimpedro/git/machine-learning/audio_transversal2/audio_dataset_cortado/0_57323.wav,0
/home/alvimpedro/git/machine-learning/audio_transversal2/audio_dataset_cortado/0_575755.wav,0
/home/alvimpedro/git/machine-learning/audio_transversal2/audio_dataset_cortado/0_577257.wav,0
/home/alvimpedro/git/machine-learning/audio_transversal2/audio_dataset_cortado/0_577260.wav,0
/home/alvimpedro/git/machine-learning/audio_transversal2/audio_dataset_cortado/0_581809.wav,0
/home/alvimpedro/git/machine-learning/audio_transversal2/audio_dataset_cortado/0_582782.wav,0
/home/alvimpedro/git/machine-learning/audio_transversal2/audio_dataset_cortado/0_584908.wav,0
/home/alvimpedro/git/machine-learning/audio_transversal2/audio_dataset_cortado/0_596376.wav,0
/home/alvimpedro/git/machine-learning/audio_transversal2/audio_dataset_cortado/0_598296.wav,0
/home/alvimpedro/git/machine-learning/audio_transversal2/audio_dataset_cortado/0_622779.wav,0
/home/alvimpedro/git/machine-learning/audio_transversal2/audio_dataset_cortado/0_627911.wav,0
/home/alvimpedro/git/machine-learning/audio_transversal2/audio_dataset_cortado/0_638.wav,0
/home/alvimpedro/git/machine-learning/audio_transversal2/audio_dataset_cortado/0_639673.wav,0
/home/alvimpedro/git/machine-learning/audio_transversal2/audio_dataset_cortado/0_640691.wav,0
/home/alvimpedro/git/machine-learning/audio_transversal2/audio_dataset_cortado/0_641723.wav,0
/home/alvimpedro/git/machine-learning/audio_transversal2/audio_dataset_cortado/0_643076.wav,0
/home/alvimpedro/git/machine-learning/audio_transversal2/audio_dataset_cortado/0_644628.wav,0
/home/alvimpedro/git/machine-learning/audio_transversal2/audio_dataset_cortado/0_645068.wav,0
/home/alvimpedro/git/machine-learning/audio_transversal2/audio_dataset_cortado/0_65629.wav,0
/home/alvimpedro/git/machine-learning/audio_transversal2/audio_dataset_cortado/0_658836.wav,0
/home/alvimpedro/git/machine-learning/audio_transversal2/audio_dataset_cortado/0_659100.wav,0
/home/alvimpedro/git/machine-learning/audio_transversal2/audio_dataset_cortado/0_659990.wav,0
/home/alvimpedro/git/machine-learning/audio_transversal2/audio_dataset_cortado/0_66380.wav,0
/home/alvimpedro/git/machine-learning/audio_transversal2/audio_dataset_cortado/0_66427.wav,0
/home/alvimpedro/git/machine-learning/audio_transversal2/audio_dataset_cortado/0_667121.wav,0
/home/alvimpedro/git/machine-learning/audio_transversal2/audio_dataset_cortado/0_671437.wav,0
/home/alvimpedro/git/machine-learning/audio_transversal2/audio_dataset_cortado/0_674319.wav,0
/home/alvimpedro/git/machine-learning/audio_transversal2/audio_dataset_cortado/0_682485.wav,0
/home/alvimpedro/git/machine-learning/audio_transversal2/audio_dataset_cortado/0_683864.wav,0
/home/alvimpedro/git/machine-learning/audio_transversal2/audio_dataset_cortado/0_686393.wav,0
/home/alvimpedro/git/machine-learning/audio_transversal2/audio_dataset_cortado/0_686737.wav,0
/home/alvimpedro/git/machine-learning/audio_transversal2/audio_dataset_cortado/0_688243.wav,0
/home/alvimpedro/git/machine-learning/audio_transversal2/audio_dataset_cortado/0_690836.wav,0
/home/alvimpedro/git/machine-learning/audio_transversal2/audio_dataset_cortado/0_694154.wav,0
/home/alvimpedro/git/machine-learning/audio_transversal2/audio_dataset_cortado/0_695960.wav,0
/home/alvimpedro/git/machine-learning/audio_transversal2/audio_dataset_cortado/0_696068.wav,0
/home/alvimpedro/git/machine-learning/audio_transversal2/audio_dataset_cortado/0_697419.wav,0
/home/alvimpedro/git/machine-learning/audio_transversal2/audio_dataset_cortado/0_703240.wav,0
/home/alvimpedro/git/machine-learning/audio_transversal2/audio_dataset_cortado/0_704204.wav,0
/home/alvimpedro/git/machine-learning/audio_transversal2/audio_dataset_cortado/0_717487.wav,0
/home/alvimpedro/git/machine-learning/audio_transversal2/audio_dataset_cortado/0_718860.wav,0
/home/alvimpedro/git/machine-learning/audio_transversal2/audio_dataset_cortado/0_723122.wav,0
/home/alvimpedro/git/machine-learning/audio_transversal2/audio_dataset_cortado/0_724221.wav,0
/home/alvimpedro/git/machine-learning/audio_transversal2/audio_dataset_cortado/0_72501.wav,0
/home/alvimpedro/git/machine-learning/audio_transversal2/audio_dataset_cortado/0_726538.wav,0
/home/alvimpedro/git/machine-learning/audio_transversal2/audio_dataset_cortado/0_726760.wav,0
/home/alvimpedro/git/machine-learning/audio_transversal2/audio_dataset_cortado/0_729827.wav,0
/home/alvimpedro/git/machine-learning/audio_transversal2/audio_dataset_cortado/0_734194.wav,0
/home/alvimpedro/git/machine-learning/audio_transversal2/audio_dataset_cortado/0_735802.wav,0
/home/alvimpedro/git/machine-learning/audio_transversal2/audio_dataset_cortado/0_736841.wav,0
/home/alvimpedro/git/machine-learning/audio_transversal2/audio_dataset_cortado/0_73728.wav,0
/home/alvimpedro/git/machine-learning/audio_transversal2/audio_dataset_cortado/0_737339.wav,0
/home/alvimpedro/git/machine-learning/audio_transversal2/audio_dataset_cortado/0_739951.wav,0
/home/alvimpedro/git/machine-learning/audio_transversal2/audio_dataset_cortado/0_755481.wav,0
/home/alvimpedro/git/machine-learning/audio_transversal2/audio_dataset_cortado/0_758810.wav,0
/home/alvimpedro/git/machine-learning/audio_transversal2/audio_dataset_cortado/0_760029.wav,0
/home/alvimpedro/git/machine-learning/audio_transversal2/audio_dataset_cortado/0_760449.wav,0
/home/alvimpedro/git/machine-learning/audio_transversal2/audio_dataset_cortado/0_762220.wav,0
/home/alvimpedro/git/machine-learning/audio_transversal2/audio_dataset_cortado/0_762645.wav,0
/home/alvimpedro/git/machine-learning/audio_transversal2/audio_dataset_cortado/0_769795.wav,0
/home/alvimpedro/git/machine-learning/audio_transversal2/audio_dataset_cortado/0_771791.wav,0
/home/alvimpedro/git/machine-learning/audio_transversal2/audio_dataset_cortado/0_77830.wav,0
/home/alvimpedro/git/machine-learning/audio_transversal2/audio_dataset_cortado/0_779380.wav,0
/home/alvimpedro/git/machine-learning/audio_transversal2/audio_dataset_cortado/0_791077.wav,0
/home/alvimpedro/git/machine-learning/audio_transversal2/audio_dataset_cortado/0_793018.wav,0
/home/alvimpedro/git/machine-learning/audio_transversal2/audio_dataset_cortado/0_795909.wav,0
/home/alvimpedro/git/machine-learning/audio_transversal2/audio_dataset_cortado/0_803146.wav,0
/home/alvimpedro/git/machine-learning/audio_transversal2/audio_dataset_cortado/0_805035.wav,0
/home/alvimpedro/git/machine-learning/audio_transversal2/audio_dataset_cortado/0_805772.wav,0
/home/alvimpedro/git/machine-learning/audio_transversal2/audio_dataset_cortado/0_807407.wav,0
/home/alvimpedro/git/machine-learning/audio_transversal2/audio_dataset_cortado/0_807795.wav,0
/home/alvimpedro/git/machine-learning/audio_transversal2/audio_dataset_cortado/0_810843.wav,0
/home/alvimpedro/git/machine-learning/audio_transversal2/audio_dataset_cortado/0_81149.wav,0
/home/alvimpedro/git/machine-learning/audio_transversal2/audio_dataset_cortado/0_81664.wav,0
/home/alvimpedro/git/machine-learning/audio_transversal2/audio_dataset_cortado/0_81723.wav,0
/home/alvimpedro/git/machine-learning/audio_transversal2/audio_dataset_cortado/0_818204.wav,0
/home/alvimpedro/git/machine-learning/audio_transversal2/audio_dataset_cortado/0_819706.wav,0
/home/alvimpedro/git/machine-learning/audio_transversal2/audio_dataset_cortado/0_826279.wav,0
/home/alvimpedro/git/machine-learning/audio_transversal2/audio_dataset_cortado/0_82659.wav,0
/home/alvimpedro/git/machine-learning/audio_transversal2/audio_dataset_cortado/0_832101.wav,0
/home/alvimpedro/git/machine-learning/audio_transversal2/audio_dataset_cortado/0_835194.wav,0
/home/alvimpedro/git/machine-learning/audio_transversal2/audio_dataset_cortado/0_843322.wav,0
/home/alvimpedro/git/machine-learning/audio_transversal2/audio_dataset_cortado/0_84534.wav,0
/home/alvimpedro/git/machine-learning/audio_transversal2/audio_dataset_cortado/0_849584.wav,0
/home/alvimpedro/git/machine-learning/audio_transversal2/audio_dataset_cortado/0_853384.wav,0
/home/alvimpedro/git/machine-learning/audio_transversal2/audio_dataset_cortado/0_853972.wav,0
/home/alvimpedro/git/machine-learning/audio_transversal2/audio_dataset_cortado/0_859101.wav,0
/home/alvimpedro/git/machine-learning/audio_transversal2/audio_dataset_cortado/0_860406.wav,0
/home/alvimpedro/git/machine-learning/audio_transversal2/audio_dataset_cortado/0_860518.wav,0
/home/alvimpedro/git/machine-learning/audio_transversal2/audio_dataset_cortado/0_860886.wav,0
/home/alvimpedro/git/machine-learning/audio_transversal2/audio_dataset_cortado/0_860944.wav,0
/home/alvimpedro/git/machine-learning/audio_transversal2/audio_dataset_cortado/0_862861.wav,0
/home/alvimpedro/git/machine-learning/audio_transversal2/audio_dataset_cortado/0_864259.wav,0
/home/alvimpedro/git/machine-learning/audio_transversal2/audio_dataset_cortado/0_86515.wav,0
/home/alvimpedro/git/machine-learning/audio_transversal2/audio_dataset_cortado/0_870171.wav,0
/home/alvimpedro/git/machine-learning/audio_transversal2/audio_dataset_cortado/0_87344.wav,0
/home/alvimpedro/git/machine-learning/audio_transversal2/audio_dataset_cortado/0_876322.wav,0
/home/alvimpedro/git/machine-learning/audio_transversal2/audio_dataset_cortado/0_880078.wav,0
/home/alvimpedro/git/machine-learning/audio_transversal2/audio_dataset_cortado/0_880453.wav,0
/home/alvimpedro/git/machine-learning/audio_transversal2/audio_dataset_cortado/0_884131.wav,0
/home/alvimpedro/git/machine-learning/audio_transversal2/audio_dataset_cortado/0_887979.wav,0
/home/alvimpedro/git/machine-learning/audio_transversal2/audio_dataset_cortado/0_888186.wav,0
/home/alvimpedro/git/machine-learning/audio_transversal2/audio_dataset_cortado/0_888324.wav,0
/home/alvimpedro/git/machine-learning/audio_transversal2/audio_dataset_cortado/0_893258.wav,0
/home/alvimpedro/git/machine-learning/audio_transversal2/audio_dataset_cortado/0_893676.wav,0
/home/alvimpedro/git/machine-learning/audio_transversal2/audio_dataset_cortado/0_894650.wav,0
/home/alvimpedro/git/machine-learning/audio_transversal2/audio_dataset_cortado/0_894762.wav,0
/home/alvimpedro/git/machine-learning/audio_transversal2/audio_dataset_cortado/0_895075.wav,0
/home/alvimpedro/git/machine-learning/audio_transversal2/audio_dataset_cortado/0_895206.wav,0
/home/alvimpedro/git/machine-learning/audio_transversal2/audio_dataset_cortado/0_896218.wav,0
/home/alvimpedro/git/machine-learning/audio_transversal2/audio_dataset_cortado/0_896730.wav,0
/home/alvimpedro/git/machine-learning/audio_transversal2/audio_dataset_cortado/0_899664.wav,0
/home/alvimpedro/git/machine-learning/audio_transversal2/audio_dataset_cortado/0_906420.wav,0
/home/alvimpedro/git/machine-learning/audio_transversal2/audio_dataset_cortado/0_908599.wav,0
/home/alvimpedro/git/machine-learning/audio_transversal2/audio_dataset_cortado/0_911681.wav,0
/home/alvimpedro/git/machine-learning/audio_transversal2/audio_dataset_cortado/0_924089.wav,0
/home/alvimpedro/git/machine-learning/audio_transversal2/audio_dataset_cortado/0_925824.wav,0
/home/alvimpedro/git/machine-learning/audio_transversal2/audio_dataset_cortado/0_928062.wav,0
/home/alvimpedro/git/machine-learning/audio_transversal2/audio_dataset_cortado/0_945855.wav,0
/home/alvimpedro/git/machine-learning/audio_transversal2/audio_dataset_cortado/0_946751.wav,0
/home/alvimpedro/git/machine-learning/audio_transversal2/audio_dataset_cortado/0_952374.wav,0
/home/alvimpedro/git/machine-learning/audio_transversal2/audio_dataset_cortado/0_95296.wav,0
/home/alvimpedro/git/machine-learning/audio_transversal2/audio_dataset_cortado/0_954415.wav,0
/home/alvimpedro/git/machine-learning/audio_transversal2/audio_dataset_cortado/0_962132.wav,0
/home/alvimpedro/git/machine-learning/audio_transversal2/audio_dataset_cortado/0_96248.wav,0
/home/alvimpedro/git/machine-learning/audio_transversal2/audio_dataset_cortado/0_963026.wav,0
/home/alvimpedro/git/machine-learning/audio_transversal2/audio_dataset_cortado/0_965869.wav,0
/home/alvimpedro/git/machine-learning/audio_transversal2/audio_dataset_cortado/0_968979.wav,0
/home/alvimpedro/git/machine-learning/audio_transversal2/audio_dataset_cortado/0_975115.wav,0
/home/alvimpedro/git/machine-learning/audio_transversal2/audio_dataset_cortado/0_984742.wav,0
/home/alvimpedro/git/machine-learning/audio_transversal2/audio_dataset_cortado/0_989141.wav,0
/home/alvimpedro/git/machine-learning/audio_transversal2/audio_dataset_cortado/0_990218.wav,0
/home/alvimpedro/git/machine-learning/audio_transversal2/audio_dataset_cortado/0_991127.wav,0
/home/alvimpedro/git/machine-learning/audio_transversal2/audio_dataset_cortado/0_995000.wav,0
/home/alvimpedro/git/machine-learning/audio_transversal2/audio_dataset_cortado/0_996457.wav,0
/home/alvimpedro/git/machine-learning/audio_transversal2/audio_dataset_cortado/0_997095.wav,0
/home/alvimpedro/git/machine-learning/audio_transversal2/audio_dataset_cortado/0_99834.wav,0
/home/alvimpedro/git/machine-learning/audio_transversal2/audio_dataset_cortado/0_999567.wav,0
/home/alvimpedro/git/machine-learning/audio_transversal2/audio_dataset_cortado/1_1002487.wav,1
/home/alvimpedro/git/machine-learning/audio_transversal2/audio_dataset_cortado/1_1006467.wav,1
/home/alvimpedro/git/machine-learning/audio_transversal2/audio_dataset_cortado/1_1008689.wav,1
/home/alvimpedro/git/machine-learning/audio_transversal2/audio_dataset_cortado/1_1009144.wav,1
/home/alvimpedro/git/machine-learning/audio_transversal2/audio_dataset_cortado/1_1011217.wav,1
/home/alvimpedro/git/machine-learning/audio_transversal2/audio_dataset_cortado/1_1015731.wav,1
/home/alvimpedro/git/machine-learning/audio_transversal2/audio_dataset_cortado/1_1019836.wav,1
/home/alvimpedro/git/machine-learning/audio_transversal2/audio_dataset_cortado/1_102795.wav,1
/home/alvimpedro/git/machine-learning/audio_transversal2/audio_dataset_cortado/1_10283.wav,1
/home/alvimpedro/git/machine-learning/audio_transversal2/audio_dataset_cortado/1_1030084.wav,1
/home/alvimpedro/git/machine-learning/audio_transversal2/audio_dataset_cortado/1_103186.wav,1
/home/alvimpedro/git/machine-learning/audio_transversal2/audio_dataset_cortado/1_1032755.wav,1
/home/alvimpedro/git/machine-learning/audio_transversal2/audio_dataset_cortado/1_1033664.wav,1
/home/alvimpedro/git/machine-learning/audio_transversal2/audio_dataset_cortado/1_1035558.wav,1
/home/alvimpedro/git/machine-learning/audio_transversal2/audio_dataset_cortado/1_1036787.wav,1
/home/alvimpedro/git/machine-learning/audio_transversal2/audio_dataset_cortado/1_1040286.wav,1
/home/alvimpedro/git/machine-learning/audio_transversal2/audio_dataset_cortado/1_1042843.wav,1
/home/alvimpedro/git/machine-learning/audio_transversal2/audio_dataset_cortado/1_1044768.wav,1
/home/alvimpedro/git/machine-learning/audio_transversal2/audio_dataset_cortado/1_1046349.wav,1
/home/alvimpedro/git/machine-learning/audio_transversal2/audio_dataset_cortado/1_1046884.wav,1
/home/alvimpedro/git/machine-learning/audio_transversal2/audio_dataset_cortado/1_1048541.wav,1
/home/alvimpedro/git/machine-learning/audio_transversal2/audio_dataset_cortado/1_1048551.wav,1
/home/alvimpedro/git/machine-learning/audio_transversal2/audio_dataset_cortado/1_115695.wav,1
/home/alvimpedro/git/machine-learning/audio_transversal2/audio_dataset_cortado/1_122140.wav,1
/home/alvimpedro/git/machine-learning/audio_transversal2/audio_dataset_cortado/1_125657.wav,1
/home/alvimpedro/git/machine-learning/audio_transversal2/audio_dataset_cortado/1_133535.wav,1
/home/alvimpedro/git/machine-learning/audio_transversal2/audio_dataset_cortado/1_139851.wav,1
/home/alvimpedro/git/machine-learning/audio_transversal2/audio_dataset_cortado/1_140492.wav,1
/home/alvimpedro/git/machine-learning/audio_transversal2/audio_dataset_cortado/1_163122.wav,1
/home/alvimpedro/git/machine-learning/audio_transversal2/audio_dataset_cortado/1_164218.wav,1
/home/alvimpedro/git/machine-learning/audio_transversal2/audio_dataset_cortado/1_175365.wav,1
/home/alvimpedro/git/machine-learning/audio_transversal2/audio_dataset_cortado/1_17628.wav,1
/home/alvimpedro/git/machine-learning/audio_transversal2/audio_dataset_cortado/1_180019.wav,1
/home/alvimpedro/git/machine-learning/audio_transversal2/audio_dataset_cortado/1_183223.wav,1
/home/alvimpedro/git/machine-learning/audio_transversal2/audio_dataset_cortado/1_183507.wav,1
/home/alvimpedro/git/machine-learning/audio_transversal2/audio_dataset_cortado/1_189312.wav,1
/home/alvimpedro/git/machine-learning/audio_transversal2/audio_dataset_cortado/1_198526.wav,1
/home/alvimpedro/git/machine-learning/audio_transversal2/audio_dataset_cortado/1_21333.wav,1
/home/alvimpedro/git/machine-learning/audio_transversal2/audio_dataset_cortado/1_215445.wav,1
/home/alvimpedro/git/machine-learning/audio_transversal2/audio_dataset_cortado/1_217826.wav,1
/home/alvimpedro/git/machine-learning/audio_transversal2/audio_dataset_cortado/1_220039.wav,1
/home/alvimpedro/git/machine-learning/audio_transversal2/audio_dataset_cortado/1_224715.wav,1
/home/alvimpedro/git/machine-learning/audio_transversal2/audio_dataset_cortado/1_230203.wav,1
/home/alvimpedro/git/machine-learning/audio_transversal2/audio_dataset_cortado/1_230842.wav,1
/home/alvimpedro/git/machine-learning/audio_transversal2/audio_dataset_cortado/1_231004.wav,1
/home/alvimpedro/git/machine-learning/audio_transversal2/audio_dataset_cortado/1_234191.wav,1
/home/alvimpedro/git/machine-learning/audio_transversal2/audio_dataset_cortado/1_241722.wav,1
/home/alvimpedro/git/machine-learning/audio_transversal2/audio_dataset_cortado/1_24220.wav,1
/home/alvimpedro/git/machine-learning/audio_transversal2/audio_dataset_cortado/1_244844.wav,1
/home/alvimpedro/git/machine-learning/audio_transversal2/audio_dataset_cortado/1_253160.wav,1
/home/alvimpedro/git/machine-learning/audio_transversal2/audio_dataset_cortado/1_257716.wav,1
/home/alvimpedro/git/machine-learning/audio_transversal2/audio_dataset_cortado/1_26824.wav,1
/home/alvimpedro/git/machine-learning/audio_transversal2/audio_dataset_cortado/1_26923.wav,1
/home/alvimpedro/git/machine-learning/audio_transversal2/audio_dataset_cortado/1_272912.wav,1
/home/alvimpedro/git/machine-learning/audio_transversal2/audio_dataset_cortado/1_281947.wav,1
/home/alvimpedro/git/machine-learning/audio_transversal2/audio_dataset_cortado/1_301880.wav,1
/home/alvimpedro/git/machine-learning/audio_transversal2/audio_dataset_cortado/1_302516.wav,1
/home/alvimpedro/git/machine-learning/audio_transversal2/audio_dataset_cortado/1_304118.wav,1
/home/alvimpedro/git/machine-learning/audio_transversal2/audio_dataset_cortado/1_308483.wav,1
/home/alvimpedro/git/machine-learning/audio_transversal2/audio_dataset_cortado/1_313409.wav,1
/home/alvimpedro/git/machine-learning/audio_transversal2/audio_dataset_cortado/1_314364.wav,1
/home/alvimpedro/git/machine-learning/audio_transversal2/audio_dataset_cortado/1_315041.wav,1
/home/alvimpedro/git/machine-learning/audio_transversal2/audio_dataset_cortado/1_331385.wav,1
/home/alvimpedro/git/machine-learning/audio_transversal2/audio_dataset_cortado/1_33424.wav,1
/home/alvimpedro/git/machine-learning/audio_transversal2/audio_dataset_cortado/1_342464.wav,1
/home/alvimpedro/git/machine-learning/audio_transversal2/audio_dataset_cortado/1_346227.wav,1
/home/alvimpedro/git/machine-learning/audio_transversal2/audio_dataset_cortado/1_349074.wav,1
/home/alvimpedro/git/machine-learning/audio_transversal2/audio_dataset_cortado/1_354053.wav,1
/home/alvimpedro/git/machine-learning/audio_transversal2/audio_dataset_cortado/1_357916.wav,1
/home/alvimpedro/git/machine-learning/audio_transversal2/audio_dataset_cortado/1_358520.wav,1
/home/alvimpedro/git/machine-learning/audio_transversal2/audio_dataset_cortado/1_359144.wav,1
/home/alvimpedro/git/machine-learning/audio_transversal2/audio_dataset_cortado/1_36133.wav,1
/home/alvimpedro/git/machine-learning/audio_transversal2/audio_dataset_cortado/1_370839.wav,1
/home/alvimpedro/git/machine-learning/audio_transversal2/audio_dataset_cortado/1_376947.wav,1
/home/alvimpedro/git/machine-learning/audio_transversal2/audio_dataset_cortado/1_379437.wav,1
/home/alvimpedro/git/machine-learning/audio_transversal2/audio_dataset_cortado/1_38790.wav,1
/home/alvimpedro/git/machine-learning/audio_transversal2/audio_dataset_cortado/1_395707.wav,1
/home/alvimpedro/git/machine-learning/audio_transversal2/audio_dataset_cortado/1_395940.wav,1
/home/alvimpedro/git/machine-learning/audio_transversal2/audio_dataset_cortado/1_399650.wav,1
/home/alvimpedro/git/machine-learning/audio_transversal2/audio_dataset_cortado/1_404959.wav,1
/home/alvimpedro/git/machine-learning/audio_transversal2/audio_dataset_cortado/1_411174.wav,1
/home/alvimpedro/git/machine-learning/audio_transversal2/audio_dataset_cortado/1_425905.wav,1
/home/alvimpedro/git/machine-learning/audio_transversal2/audio_dataset_cortado/1_428999.wav,1
/home/alvimpedro/git/machine-learning/audio_transversal2/audio_dataset_cortado/1_434522.wav,1
/home/alvimpedro/git/machine-learning/audio_transversal2/audio_dataset_cortado/1_449684.wav,1
/home/alvimpedro/git/machine-learning/audio_transversal2/audio_dataset_cortado/1_450082.wav,1
/home/alvimpedro/git/machine-learning/audio_transversal2/audio_dataset_cortado/1_453244.wav,1
/home/alvimpedro/git/machine-learning/audio_transversal2/audio_dataset_cortado/1_456773.wav,1
/home/alvimpedro/git/machine-learning/audio_transversal2/audio_dataset_cortado/1_459304.wav,1
/home/alvimpedro/git/machine-learning/audio_transversal2/audio_dataset_cortado/1_461660.wav,1
/home/alvimpedro/git/machine-learning/audio_transversal2/audio_dataset_cortado/1_471500.wav,1
/home/alvimpedro/git/machine-learning/audio_transversal2/audio_dataset_cortado/1_473468.wav,1
/home/alvimpedro/git/machine-learning/audio_transversal2/audio_dataset_cortado/1_47679.wav,1
/home/alvimpedro/git/machine-learning/audio_transversal2/audio_dataset_cortado/1_478309.wav,1
/home/alvimpedro/git/machine-learning/audio_transversal2/audio_dataset_cortado/1_479769.wav,1
/home/alvimpedro/git/machine-learning/audio_transversal2/audio_dataset_cortado/1_482791.wav,1
/home/alvimpedro/git/machine-learning/audio_transversal2/audio_dataset_cortado/1_486813.wav,1
/home/alvimpedro/git/machine-learning/audio_transversal2/audio_dataset_cortado/1_500682.wav,1
/home/alvimpedro/git/machine-learning/audio_transversal2/audio_dataset_cortado/1_514310.wav,1
/home/alvimpedro/git/machine-learning/audio_transversal2/audio_dataset_cortado/1_516498.wav,1
/home/alvimpedro/git/machine-learning/audio_transversal2/audio_dataset_cortado/1_542593.wav,1
/home/alvimpedro/git/machine-learning/audio_transversal2/audio_dataset_cortado/1_550748.wav,1
/home/alvimpedro/git/machine-learning/audio_transversal2/audio_dataset_cortado/1_56352.wav,1
/home/alvimpedro/git/machine-learning/audio_transversal2/audio_dataset_cortado/1_566382.wav,1
/home/alvimpedro/git/machine-learning/audio_transversal2/audio_dataset_cortado/1_566830.wav,1
/home/alvimpedro/git/machine-learning/audio_transversal2/audio_dataset_cortado/1_567417.wav,1
/home/alvimpedro/git/machine-learning/audio_transversal2/audio_dataset_cortado/1_57324.wav,1
/home/alvimpedro/git/machine-learning/audio_transversal2/audio_dataset_cortado/1_57699.wav,1
/home/alvimpedro/git/machine-learning/audio_transversal2/audio_dataset_cortado/1_582795.wav,1
/home/alvimpedro/git/machine-learning/audio_transversal2/audio_dataset_cortado/1_586805.wav,1
/home/alvimpedro/git/machine-learning/audio_transversal2/audio_dataset_cortado/1_590949.wav,1
/home/alvimpedro/git/machine-learning/audio_transversal2/audio_dataset_cortado/1_59399.wav,1
/home/alvimpedro/git/machine-learning/audio_transversal2/audio_dataset_cortado/1_598957.wav,1
/home/alvimpedro/git/machine-learning/audio_transversal2/audio_dataset_cortado/1_610397.wav,1
/home/alvimpedro/git/machine-learning/audio_transversal2/audio_dataset_cortado/1_61150.wav,1
/home/alvimpedro/git/machine-learning/audio_transversal2/audio_dataset_cortado/1_615021.wav,1
/home/alvimpedro/git/machine-learning/audio_transversal2/audio_dataset_cortado/1_615314.wav,1
/home/alvimpedro/git/machine-learning/audio_transversal2/audio_dataset_cortado/1_615740.wav,1
/home/alvimpedro/git/machine-learning/audio_transversal2/audio_dataset_cortado/1_616494.wav,1
/home/alvimpedro/git/machine-learning/audio_transversal2/audio_dataset_cortado/1_621372.wav,1
/home/alvimpedro/git/machine-learning/audio_transversal2/audio_dataset_cortado/1_626960.wav,1
/home/alvimpedro/git/machine-learning/audio_transversal2/audio_dataset_cortado/1_627136.wav,1
/home/alvimpedro/git/machine-learning/audio_transversal2/audio_dataset_cortado/1_630098.wav,1
/home/alvimpedro/git/machine-learning/audio_transversal2/audio_dataset_cortado/1_63083.wav,1
/home/alvimpedro/git/machine-learning/audio_transversal2/audio_dataset_cortado/1_631277.wav,1
/home/alvimpedro/git/machine-learning/audio_transversal2/audio_dataset_cortado/1_632582.wav,1
/home/alvimpedro/git/machine-learning/audio_transversal2/audio_dataset_cortado/1_633578.wav,1
/home/alvimpedro/git/machine-learning/audio_transversal2/audio_dataset_cortado/1_635845.wav,1
/home/alvimpedro/git/machine-learning/audio_transversal2/audio_dataset_cortado/1_640802.wav,1
/home/alvimpedro/git/machine-learning/audio_transversal2/audio_dataset_cortado/1_641058.wav,1
/home/alvimpedro/git/machine-learning/audio_transversal2/audio_dataset_cortado/1_647059.wav,1
/home/alvimpedro/git/machine-learning/audio_transversal2/audio_dataset_cortado/1_64795.wav,1
/home/alvimpedro/git/machine-learning/audio_transversal2/audio_dataset_cortado/1_648969.wav,1
/home/alvimpedro/git/machine-learning/audio_transversal2/audio_dataset_cortado/1_649741.wav,1
/home/alvimpedro/git/machine-learning/audio_transversal2/audio_dataset_cortado/1_653166.wav,1
/home/alvimpedro/git/machine-learning/audio_transversal2/audio_dataset_cortado/1_653916.wav,1
/home/alvimpedro/git/machine-learning/audio_transversal2/audio_dataset_cortado/1_654997.wav,1
/home/alvimpedro/git/machine-learning/audio_transversal2/audio_dataset_cortado/1_659048.wav,1
/home/alvimpedro/git/machine-learning/audio_transversal2/audio_dataset_cortado/1_661028.wav,1
/home/alvimpedro/git/machine-learning/audio_transversal2/audio_dataset_cortado/1_665541.wav,1
/home/alvimpedro/git/machine-learning/audio_transversal2/audio_dataset_cortado/1_667128.wav,1
/home/alvimpedro/git/machine-learning/audio_transversal2/audio_dataset_cortado/1_667532.wav,1
/home/alvimpedro/git/machine-learning/audio_transversal2/audio_dataset_cortado/1_67590.wav,1
/home/alvimpedro/git/machine-learning/audio_transversal2/audio_dataset_cortado/1_678718.wav,1
/home/alvimpedro/git/machine-learning/audio_transversal2/audio_dataset_cortado/1_678782.wav,1
/home/alvimpedro/git/machine-learning/audio_transversal2/audio_dataset_cortado/1_688839.wav,1
/home/alvimpedro/git/machine-learning/audio_transversal2/audio_dataset_cortado/1_693493.wav,1
/home/alvimpedro/git/machine-learning/audio_transversal2/audio_dataset_cortado/1_695817.wav,1
/home/alvimpedro/git/machine-learning/audio_transversal2/audio_dataset_cortado/1_702693.wav,1
/home/alvimpedro/git/machine-learning/audio_transversal2/audio_dataset_cortado/1_712082.wav,1
/home/alvimpedro/git/machine-learning/audio_transversal2/audio_dataset_cortado/1_718663.wav,1
/home/alvimpedro/git/machine-learning/audio_transversal2/audio_dataset_cortado/1_719656.wav,1
/home/alvimpedro/git/machine-learning/audio_transversal2/audio_dataset_cortado/1_724674.wav,1
/home/alvimpedro/git/machine-learning/audio_transversal2/audio_dataset_cortado/1_726313.wav,1
/home/alvimpedro/git/machine-learning/audio_transversal2/audio_dataset_cortado/1_726542.wav,1
/home/alvimpedro/git/machine-learning/audio_transversal2/audio_dataset_cortado/1_74425.wav,1
/home/alvimpedro/git/machine-learning/audio_transversal2/audio_dataset_cortado/1_744430.wav,1
/home/alvimpedro/git/machine-learning/audio_transversal2/audio_dataset_cortado/1_745360.wav,1
/home/alvimpedro/git/machine-learning/audio_transversal2/audio_dataset_cortado/1_74832.wav,1
/home/alvimpedro/git/machine-learning/audio_transversal2/audio_dataset_cortado/1_759420.wav,1
/home/alvimpedro/git/machine-learning/audio_transversal2/audio_dataset_cortado/1_760526.wav,1
/home/alvimpedro/git/machine-learning/audio_transversal2/audio_dataset_cortado/1_760833.wav,1
/home/alvimpedro/git/machine-learning/audio_transversal2/audio_dataset_cortado/1_762079.wav,1
/home/alvimpedro/git/machine-learning/audio_transversal2/audio_dataset_cortado/1_768657.wav,1
/home/alvimpedro/git/machine-learning/audio_transversal2/audio_dataset_cortado/1_771129.wav,1
/home/alvimpedro/git/machine-learning/audio_transversal2/audio_dataset_cortado/1_780629.wav,1
/home/alvimpedro/git/machine-learning/audio_transversal2/audio_dataset_cortado/1_787842.wav,1
/home/alvimpedro/git/machine-learning/audio_transversal2/audio_dataset_cortado/1_789819.wav,1
/home/alvimpedro/git/machine-learning/audio_transversal2/audio_dataset_cortado/1_791486.wav,1
/home/alvimpedro/git/machine-learning/audio_transversal2/audio_dataset_cortado/1_791867.wav,1
/home/alvimpedro/git/machine-learning/audio_transversal2/audio_dataset_cortado/1_794324.wav,1
/home/alvimpedro/git/machine-learning/audio_transversal2/audio_dataset_cortado/1_798718.wav,1
/home/alvimpedro/git/machine-learning/audio_transversal2/audio_dataset_cortado/1_801371.wav,1
/home/alvimpedro/git/machine-learning/audio_transversal2/audio_dataset_cortado/1_809531.wav,1
/home/alvimpedro/git/machine-learning/audio_transversal2/audio_dataset_cortado/1_816341.wav,1
/home/alvimpedro/git/machine-learning/audio_transversal2/audio_dataset_cortado/1_825421.wav,1
/home/alvimpedro/git/machine-learning/audio_transversal2/audio_dataset_cortado/1_845653.wav,1
/home/alvimpedro/git/machine-learning/audio_transversal2/audio_dataset_cortado/1_851586.wav,1
/home/alvimpedro/git/machine-learning/audio_transversal2/audio_dataset_cortado/1_853464.wav,1
/home/alvimpedro/git/machine-learning/audio_transversal2/audio_dataset_cortado/1_854922.wav,1
/home/alvimpedro/git/machine-learning/audio_transversal2/audio_dataset_cortado/1_85721.wav,1
/home/alvimpedro/git/machine-learning/audio_transversal2/audio_dataset_cortado/1_862376.wav,1
/home/alvimpedro/git/machine-learning/audio_transversal2/audio_dataset_cortado/1_86319.wav,1
/home/alvimpedro/git/machine-learning/audio_transversal2/audio_dataset_cortado/1_8640.wav,1
/home/alvimpedro/git/machine-learning/audio_transversal2/audio_dataset_cortado/1_866957.wav,1
/home/alvimpedro/git/machine-learning/audio_transversal2/audio_dataset_cortado/1_874277.wav,1
/home/alvimpedro/git/machine-learning/audio_transversal2/audio_dataset_cortado/1_874994.wav,1
/home/alvimpedro/git/machine-learning/audio_transversal2/audio_dataset_cortado/1_878156.wav,1
/home/alvimpedro/git/machine-learning/audio_transversal2/audio_dataset_cortado/1_884382.wav,1
/home/alvimpedro/git/machine-learning/audio_transversal2/audio_dataset_cortado/1_886504.wav,1
/home/alvimpedro/git/machine-learning/audio_transversal2/audio_dataset_cortado/1_890104.wav,1
/home/alvimpedro/git/machine-learning/audio_transversal2/audio_dataset_cortado/1_891268.wav,1
/home/alvimpedro/git/machine-learning/audio_transversal2/audio_dataset_cortado/1_898144.wav,1
/home/alvimpedro/git/machine-learning/audio_transversal2/audio_dataset_cortado/1_90105.wav,1
/home/alvimpedro/git/machine-learning/audio_transversal2/audio_dataset_cortado/1_905991.wav,1
/home/alvimpedro/git/machine-learning/audio_transversal2/audio_dataset_cortado/1_90789.wav,1
/home/alvimpedro/git/machine-learning/audio_transversal2/audio_dataset_cortado/1_909900.wav,1
/home/alvimpedro/git/machine-learning/audio_transversal2/audio_dataset_cortado/1_913292.wav,1
/home/alvimpedro/git/machine-learning/audio_transversal2/audio_dataset_cortado/1_921179.wav,1
/home/alvimpedro/git/machine-learning/audio_transversal2/audio_dataset_cortado/1_926986.wav,1
/home/alvimpedro/git/machine-learning/audio_transversal2/audio_dataset_cortado/1_928149.wav,1
/home/alvimpedro/git/machine-learning/audio_transversal2/audio_dataset_cortado/1_929663.wav,1
/home/alvimpedro/git/machine-learning/audio_transversal2/audio_dataset_cortado/1_929803.wav,1
/home/alvimpedro/git/machine-learning/audio_transversal2/audio_dataset_cortado/1_931402.wav,1
/home/alvimpedro/git/machine-learning/audio_transversal2/audio_dataset_cortado/1_932811.wav,1
/home/alvimpedro/git/machine-learning/audio_transversal2/audio_dataset_cortado/1_93608.wav,1
/home/alvimpedro/git/machine-learning/audio_transversal2/audio_dataset_cortado/1_941216.wav,1
/home/alvimpedro/git/machine-learning/audio_transversal2/audio_dataset_cortado/1_942738.wav,1
/home/alvimpedro/git/machine-learning/audio_transversal2/audio_dataset_cortado/1_946381.wav,1
/home/alvimpedro/git/machine-learning/audio_transversal2/audio_dataset_cortado/1_949180.wav,1
/home/alvimpedro/git/machine-learning/audio_transversal2/audio_dataset_cortado/1_949354.wav,1
/home/alvimpedro/git/machine-learning/audio_transversal2/audio_dataset_cortado/1_949741.wav,1
/home/alvimpedro/git/machine-learning/audio_transversal2/audio_dataset_cortado/1_955530.wav,1
/home/alvimpedro/git/machine-learning/audio_transversal2/audio_dataset_cortado/1_96175.wav,1
/home/alvimpedro/git/machine-learning/audio_transversal2/audio_dataset_cortado/1_962789.wav,1
/home/alvimpedro/git/machine-learning/audio_transversal2/audio_dataset_cortado/1_969768.wav,1
/home/alvimpedro/git/machine-learning/audio_transversal2/audio_dataset_cortado/1_980262.wav,1
/home/alvimpedro/git/machine-learning/audio_transversal2/audio_dataset_cortado/1_981749.wav,1
/home/alvimpedro/git/machine-learning/audio_transversal2/audio_dataset_cortado/1_982933.wav,1
/home/alvimpedro/git/machine-learning/audio_transversal2/audio_dataset_cortado/1_983032.wav,1
/home/alvimpedro/git/machine-learning/audio_transversal2/audio_dataset_cortado/1_985828.wav,1
/home/alvimpedro/git/machine-learning/audio_transversal2/audio_dataset_cortado/1_989094.wav,1
/home/alvimpedro/git/machine-learning/audio_transversal2/audio_dataset_cortado/1_991363.wav,1
/home/alvimpedro/git/machine-learning/audio_transversal2/audio_dataset_cortado/1_991517.wav,1
/home/alvimpedro/git/machine-learning/audio_transversal2/audio_dataset_cortado/1_993877.wav,1
/home/alvimpedro/git/machine-learning/audio_transversal2/audio_dataset_cortado/1_994275.wav,1
